WM VCP QBH Quảng Bình. Khu TTTM Đồng Hới, Đường Quách Xuân Kỳ, Phường Đồng Hải, TP. Đồng Hới, T. Quảng Bình Việt Nam	WM VCP QBH Quảng Bình
WM VTU Gateway Vũng Tàu. Tầng 1, Chung cư Gateway, đ. Ba Tháng Hai, Nguyễn An Ninh, T.Bà Rịa - Vũng Tàu Việt Nam	WM VTU Gateway Vũng Tàu
WM VCP HCM Ba Tháng Hai. 3-3C Ba Tháng Hai, P.11, Quận 10, TP. Hồ Chí Minh Việt Nam	WM VCP HCM Ba Tháng Hai
WM VCC HCM Thảo Điền. 37 Phường Thảo Điền, Q.2, TP,Hồ Chí Minh, Việt Nam	WM VCC HCM Thảo Điền
WM VCP HCM Lê Văn Việt. 50 Lê Văn Việt P. Hiệp Phú Q. 9, TP. Hồ Chí Minh Việt Nam	WM VCP HCM Lê Văn Việt
WM VCP Vĩnh Long. TTTM Vincom Plaza Vĩnh Long Tổ 9, Khóm 3, Phường 4, Thành Phố Vĩnh Long, T. Vĩnh Long Việt Nam	WM VCP Vĩnh Long
WM VCP TVH Trà Vinh. TTTM Vincom Plaza Trà Vinh, Khóm 3, Phường 2, Thành phố Trà Vinh, T. Trà Vinh Việt Nam	WM VCP TVH Trà Vinh
WM VCP LAN Long An. WM VCP LAN Long An, Góc đường Hùng Vương và đường Mai Thị Tốt, Phường 2, TP. Tân An. Long An Việt Nam	WM VCP LAN Long An
WM VCP TGG Mỹ Tho. 1A Hùng Vương, P1, thành Phố Mỹ Tho, T.Tiền Giang Việt Nam	WM VCP TGG Mỹ Tho
WM VCP STG Sóc Trăng. Tầng 2 TTTM Vincom Plaza Sóc Trăng, đường Trần Hưng Đạo, Phường 2, Thành phố Sóc Trăng, T. Sóc Trăng Việt Nam	WM VCP STG Sóc Trăng
WM VCP BLU Bạc Liêu. Vincom Plaza Trần Huỳnh, Bạc Liêu, Số 109 Trần Huỳnh, P7, T. Bạc Liêu Việt Nam	WM VCP BLU Bạc Liêu
WM VCP HUG Vị Thanh. TTTM Vincom Plaza Hậu Giang, Khu vực 3, Phường 5, TP. Vị Thanh, T. Hậu Giang Việt Nam	WM VCP HUG Vị Thanh
WM VCP KGG Rạch Giá. TTTM Vincom Plaza Kiên Giang Lô A12, Khu phố 1, Phường Vĩnh Bảo, Thành phố Rạch Giá, T. Kiên Giang, Việt Nam	WM VCP KGG Rạch Giá
WM VCP DTP Cao Lãnh. TTTM  và Shophouse Cao Lãnh,  Phường 1 Thành phố Cao Lãnh, T. Đồng Tháp Việt Nam	WM VCP DTP Cao Lãnh
WM VC+ DTP Sa Đéc. Đường Nguyễn Tất Thành, Phường 1, TP Sa Đéc, Tỉnh Đồng Tháp Việt Nam	WM VC+ DTP Sa Đéc
WM HNI Đại La. 163A Đại La, Phường Đồng Tâm, Quận Hai Bà Trưng, TP.Hà Nội Việt Nam	WM HNI Đại La
WM HNI Võ Thị Sáu. Số 46 Thanh Nhàn, Phường Thanh Nhàn, Quận Hai Bà Trưng, Quận Hai Bà Trưng, TP. Hà Nội Việt Nam	WM HNI Võ Thị Sáu
WM HNI Xuân Diệu. Số 51 Xuân Diệu, Quảng An, Quận Tây Hồ, TP. Hà Nội Việt Nam	WM HNI Xuân Diệu
WM HNI Bà Triệu. Tầng 1, TTTM Vincom Center, 19 Bà Triệu, P. Lê Đại Hành, Quận Hai Bà Trưng, TP. Hà Nội Việt Nam	WM HNI Bà Triệu
WM HNI Văn Quán. Tầng 1 nhà CT7A, khu đô thị mới văn quán, Yên Phúc, P. Phúc La, Quận Hà Đông, TP. Hà Nội Việt Nam	WM HNI Văn Quán
WM HNI Đội Cấn. 281 Đội Cấn, P. Liễu Giai, Q. Ba Đình, TP. Hà Nội, Việt Nam	WM HNI Đội Cấn
WM HNI Lê Đức Thọ. Tầng 1 Tòa Nhà CT4 Lê Đức Thọ, Phường Mỹ Đình 2, Quận Nam Từ Liêm, TP. Hà Nội Việt Nam	WM HNI Lê Đức Thọ
WM HNI Thăng Long. Tổ hợp nhà ở 28 tầng, làng Quốc tế, Thăng Long, P. Dịch Vọng, Quận Cầu Giấy, TP. Hà Nội Việt Nam	WM HNI Thăng Long
WM HNI Hà Đông. Tòa nhà CT1A- CT1B Khu đô thị Xa la-, Quận Hà Đông, TP. Hà Nội Việt Nam	WM HNI Hà Đông
WM+ HNI 47 Vũ Trọng Phụng. 47 Vũ Trọng Phụng, Phường Thanh Xuân Trung, Quận Thanh Xuân, TP. Hà Nội Việt Nam	WM+ HNI 47 Vũ Trọng Phụng
WM HNI Trung Yên. Tầng 1, Tòa nhà Trung Yên, Phường Trung Hòa, Quận Cầu Giấy, TP. Hà Nội Việt Nam	WM HNI Trung Yên
WM VCC HNI Phạm Ngọc Thạch. B1, TTTM Vincom Phạm Ngọc Thạch, Phạm Ngọc Thạch, Phường Trung Tự, TP. Hà Nội Việt Nam	WM VCC HNI Phạm Ngọc Thạch
WM HNI Trường Chinh. Tầng 1, Tòa HH1 - Meco Complex Building, ngõ 102 Trường Chinh, Phường Phương Mai Quận Đống Đa, TP. Hà Nội Việt Nam	WM HNI Trường Chinh
WM HNI Trúc Khê. 19 Trúc Khê, Phường Láng Hạ, Quận Đống Đa, TP. Hà Nội Việt Nam	WM HNI Trúc Khê
WM HNI Nguyễn Văn Cừ II. 131 Nguyễn Văn Cừ, Phường Ngọc Lâm, Quận Long Biên, TP. Hà Nội Việt Nam	WM HNI Nguyễn Văn Cừ II
WM HNI Trương Định. Tòa nhà Nam Đô Complex, 609 Trương Định, Phường Thịnh Liệt, Quận Hoàng Mai, TP. Hà Nội Việt Nam	WM HNI Trương Định
WM HNI Linh Đàm. Toà nhà Bắc Rice City Linh Đàm, KĐT mới, Tây Nam Linh Đàm, Phường Hoàng Liệt, Quận Hoàng Mai, TP. Hà Nội Việt Nam	WM HNI Linh Đàm
WM HNI Gradenia. Tầng 1,2 Toà nhà A1 khu đô thị Vinhomes Gradenia, Đường Hàm Nghi, Phường Cầu Diễn, Quận Nam Từ Liêm, TP Hà Nội Việt Nam	WM HNI Gradenia
WM HNI Hoàng Cầu. Tầng 1, Chung cư CT1, Khu nhà ở di dân Ao Hoàng Cầu, Ao Hoàng Cầu, Phường Chợ Dừa, Quận Đống Đa, TP. Hà Nội Việt Nam	WM HNI Hoàng Cầu
WM HNI Nhật Tân. Lô E khu đất D1 toà nhà hỗn hợp Vườn Đào, Phường Phú Thượng, Quận Tây Hồ, TP. Hà Nội Việt Nam	WM HNI Nhật Tân
WM HNI Hoài Đức. TP Hà Nội, Khu đô thị Tân Tây Đô, Xã Tân Lập, TP. Hà Nội Việt Nam	WM HNI Hoài Đức
WM HNI Tràng An. Tràng An Complex, 1 Phùng Chí, Kiên, Nghĩa Đô, Quận Cầu Giấy, TP. Hà Nội Việt Nam	WM HNI Tràng An
WM HNI Lương Yên. Số 3 Lương Yên, Phường Bạch Đằng, Quận Hai Bà Trưng, tp. Hà Nội Việt Nam	WM HNI Lương Yên
WM VCP HNI Skylake. Tầng 1, TTTM Vincom Plaza Skylake, Khu đô, thị mới Cầu Giấy, P. Mỹ Đình 1, Quận Nam Từ Liêm, TP. Hà Nội Việt Nam	WM VCP HNI Skylake
WM HNI Cầu Giấy. Tòa nhà Skypark, Số 2 Tôn Thất Thuyết, Phường Dịch Vọng Hậu, Quận Cầu Giấy, TP. Hà Nội Việt Nam	WM HNI Cầu Giấy
VM VMM HNI Smart City. Tầng 1, TTTM Vincom Mega Mall Smart City, Khu vực ô GS-CCTP1 thuộc DA KĐTM Tây Mỗ - Đại Mỗ - Vinhomes P.Tây Mỗ, Q.Nam Từ Liêm, TP. Hà Nội Việt Nam	VM VMM HNI Smart City
WM HNI Tây Hồ. Tầng 1+2, Chung cư nhà F, Ngõ 28, Đường Xuân La, P.Xuân La, Quận Tây Hồ, TP. Hà Nội Việt Nam	WM HNI Tây Hồ
WM HNI Quang Trung - Hà Đông. Số 8, Quang Trung, P. Quang Trung, Quận Hà Đông, TP. Hà Nội, Việt Nam	WM HNI Quang Trung - Hà Đông
WM VMM HNI Ocean Park. Tầng 2 và Tầng 3, TTTM Vincom Mega Mall Ocean Park, Lô đất số CCTP-10 thuộc DA KĐT Gia Lâm, TT Trâu Quỳ và các xã Dương Xá, Kiêu Kỵ, Hà Nội Việt Nam	WM VMM HNI Ocean Park
WM VCP HPG Hải Phòng. Số 4 & 5 Lê Thánh Tông, P. Mây Tơ , Q. Ngô Quyền, TP. Hải Phòng, Việt Nam	WM VCP HPG Hải Phòng
WM VCP HPG Imperia Hải Phòng. Tầng 2 TTTM Vincom Imperia Hải Phòng, P. Thượng Lý, Q. Hồng Bàng, Tp. Hải Phòng Việt Nam	WM VCP HPG Imperia Hải Phòng
WM NBH Ninh Bình . Số 848 Đường Trần Hưng Đạo, P. Tân, Thành, TP. Ninh Bình, T. Ninh Bình Việt Nam	WM NBH Ninh Bình
WM VCP TBH Thái Bình. Số 460, phố Lý Bôn, P. Đề Thám, TP. Thái Bình, T. Thái Bình Việt Nam	WM VCP TBH Thái Bình
WM VCP PTO Việt Trì. Tầng 2, TTTM Vincom Plaza, Số 2 Đại lộ Hùng Vương, P. Tiên Cát, TP. Việt Trì, T. Phú Thọ Việt Nam	WM VCP PTO Việt Trì
WM VCP TNN Thái Nguyên. TTTM Vincom Thái Nguyên, Đường Lương Ngọc Quyến, P. hường Quang Trung, TP. Thái Nguyên, T. Thái Nguyên Việt Nam	WM VCP TNN Thái Nguyên
WM VCP TQG Tuyên Quang. Tầng 2, TTTM Vincom Tuyên Quang, Đường Quang Trung, P. Phan Thiết, TP. Tuyên Quang, T. Tuyên Quang Việt Nam	WM VCP TQG Tuyên Quang
WM VCP BNH Bắc Ninh. TTTM Vincom Bắc Ninh, Đường Trần Hưng Đạo, Phường Suối Hòa, Phường Suối Hoa, TP Bắc Ninh, T. Bắc Ninh Việt Nam	WM VCP BNH Bắc Ninh
WM VCP LSN Lạng Sơn. TTTM Vincom Lạng Sơn, Cầu Kỳ Lừa, Phường Chi Lăng, Thành phố Lạng Sơn, T. Lạng Sơn Việt Nam	WM VCP LSN Lạng Sơn
WM VCP YBI Yên Bái. Tầng 2, TTTM Vincom Yên Bái, Công viên Yên Hòa, Đường, Yên Hòa, Đường Thành Công và Đường Tô, Hiến Thành, P. Nguyễn Thái Học, T. Yên Bái Việt Nam	WM VCP YBI Yên Bái
WM+HCM A-01 Dự án Valora Mizuki. A-01 Dự án Valora Mizuki tại xã Bình Hưng, Huyện Bình Chánh, TP. Hồ Chí Minh Việt Nam	WM+HCM A-01 Dự án Valora Mizuki
WM+HCM 244 Điện Biên Phủ, 244 Điện Biên Phủ, P.17, Q. Bình Thạnh, TP. Hồ Chí Minh Việt Nam	WM+HCM 244 Điện Biên Phủ
WM+HCM D1/1 Nguyễn Thị Tú. D1/1 Nguyễn Thị Tú, Ấp 4, X. Vĩnh Lộc B, H. Bình Chánh, TP. Hồ Chí Minh Việt Nam	WM+HCM D1/1 Nguyễn Thị Tú
WM BDG Mỹ Phước 1, Khu công nghiệp Mỹ Phước I, Bến Cát, T. Bình Dương Việt Nam	WM BDG Mỹ Phước 1
WM VCC HCM Đồng Khởi, Vincom Center Đồng Khởi, 72 Lê Thánh Tôn, Quận 1, TP Hồ Chí Minh Việt Nam	WM VCC HCM Đồng Khởi
WM VCP CTO Xuân Khánh, 209, Đường 209, Đường 30/4, Phường Xuân Khánh, Quận Ninh Kiều, TP Cần Thơ, Việt Nam	WM VCP CTO Xuân Khánh
WM HNI Thái Thịnh, 96 Thái Thịnh, Phường Ngã Tư Sở, Quận Đống Đa, TP. Hà Nội Việt Nam	WM HNI Thái Thịnh
WM HNI Trung Hòa, TTTM Ocean Mall Trung Hòa - Đường, Hoàng Đạo Thúy, Quận Cầu Giấy, TP. Hà Nội Việt Nam	WM HNI Trung Hòa
WM HNI Yên Sở, Tầng 1, Tòa CT2, Khu đô thị Gamuda Garciens, Phường Trần Phú, Quận Hoàng Mai, TP. Hà Nội Việt Nam	WM HNI Yên Sở
WM VC+ DNI Long Thành, 251 Khu Phước Hải, Đường Lê Duẩn, Thị Trấn Long Thành, huyện Long Thành, T. Đồng Nai Việt Nam	WM VC+ DNI Long Thành
Tòa nhà 81 tầng, Khu Central Park, KĐT Central Park, P22, Quận Bình Thạnh, TP. Hồ Chí Minh Việt Nam	WM VCC HCM Landmark 81
WM VCC HNI Liễu Giai, Tầng B1, TTTM Vincom Center Liễu Giai, Số 29 Liễu Giai, P. Ngọc Khánh, Q. Ba Đình, TP. Hà Nội Việt Nam	WM VCC HNI Liễu Giai
WM VCC HNI Nguyễn Chí Thanh, 54A Nguyễn Chí Thanh, Quận Đống Đa, TP. Hà Nội Việt Nam	WM VCC HNI Nguyễn Chí Thanh
WM VCC HNI Trần Duy Hưng, Tầng 2, TTTM Vincom Center Trần Duy Hưng, Đường Trần Duy Hưng, P Trung Hòa, Quận Cầu Giấy, TP. Hà Nội	WM VCC HNI Trần Duy Hưng
WM VCP AGG Long Xuyên, Phường Mỹ Bình, Thành phố Long Xuyên, T. An Giang Việt Nam	WM VCP AGG Long Xuyên
WM VCP CMU Cà Mau, TTTM Vincom Plaza Cà Mau, Phường 1, Thành phố Cà Mau, T. Cà Mau Việt Nam	WM VCP CMU Cà Mau
WM VCP CTO Cần Thơ, 2 Hùng Vương, P. Thới Bình, Q. Ninh Kiều, TP. Cần Thơ Việt Nam	WM VCP CTO Cần Thơ
WM VCP CTO Ninh Kiều, 42 đường 30/4, P. An Phú, Q. Ninh Kiều, TP. Cần Thơ Việt Nam	WM VCP CTO Ninh Kiều
WM VCP HBH Hoà Bình, Tầng 2, TTTM Vincom Plaza Hoà Bình, Phường Đồng Tiến, Thành Phố Hoà Bình, T. Hoà Bình Việt Nam	WM VCP HBH Hoà Bình
WM VCP HNI Bắc Từ Liêm, Số 234, B1, TTTM Vincom Bắc Từ Liêm, Phạm Văn Đồng, P. Cổ Nhuế, Quận Bắc Từ Liêm, TP. Hà Nội, Việt Nam	WM VCP HNI Bắc Từ Liêm
WM VCP HNI Long Biên, TTTM Vincom center Long Biên, Quận Long Biên, TP. Hà Nội Việt Nam	WM VCP HNI Long Biên
WM VCP LDG Bảo Lộc. 83 Lê Hồng Phong, Phường 1, TP. Bảo Lộc, T. Lâm Đồng Việt Nam	WM VCP LDG Bảo Lộc
WM VCP QNH Hạ Long, Vincom Center Hạ Long, P. Bạch Đằng, TP. Hạ Long, T. Quảng Ninh, Việt Nam	WM VCP QNH Hạ Long
WM VCP QNI Quảng Ngãi, TTTM Vincom Plaza Quảng Ngãi số 28, Đường Lê Thánh Tôn, Phường Nghĩa Chánh, TP. Quảng Ngãi, T. Quảng Ngãi Việt Nam	WM VCP QNI Quảng Ngãi
WM VCP SLA Sơn La, TTTM Vincom Sơn La, Tổ 3, Phường Quyết Thắng, TP. Sơn La, T. Sơn La Việt Nam	WM VCP SLA Sơn La
WM VMM HNI Royal City, Số 72A đường Nguyễn Trãi - P.Thượng Đình, Quận Thanh Xuân, TP. Hà Nội Việt Nam	WM VMM HNI Royal City
WM VMM HNI Times City, B1-C55 Khu đô thị Times City, 458 Minh Khai, P. Minh Khai , Quận Hai Bà Trưng , TP. Hà Nội, Việt Nam	WM VMM HNI Times City
WM VMM HNI Đan Phượng, Số 188 phố Tây Sơn, TT. Phùng, H. Đan Phượng, TP. Hà Nội Việt Nam	WM VMM HNI Đan Phượng
WM NAN Vinh - Bến Thủy, 176 Nguyễn Du, P.Bến Thùy, TP.Nghệ An, Tỉnh Nghệ An T. Nghệ An Việt Nam	WM NAN Vinh - Bến Thủy
WM NAN Vinh - Lê Lợi, Tầng 1, tòa nhà Trung Đức, số 2 Lê Lợi T. Nghệ An Việt Nam	WM NAN Vinh - Lê Lợi
